read_name,classification,identity,alignment_method,num_insertions,num_deletions,num_substitutions,edits
read_0,unmodified,1.0,global,0,0,0,
read_1,NHEJ,1.0,global,0,3,0,deletion@117:GGC>
read_2,NHEJ,0.9847,global,4,0,0,insertion@117:>GTAC
read_3,NHEJ,1.0,global,0,3,0,deletion@117:GGC>
read_4,NHEJ,1.0,global,0,3,0,deletion@117:GGC>
read_5,NHEJ,0.9847,global,4,0,0,insertion@117:>GAGT
read_6,NHEJ,0.9847,global,4,0,0,insertion@117:>GCAT
read_7,NHEJ,1.0,global,0,3,0,deletion@117:GGC>
read_8,NHEJ,0.9847,global,4,0,0,insertion@117:>GTGG
read_9,unmodified,1.0,global,0,0,0,
read_10,NHEJ,0.9847,global,4,0,0,insertion@117:>TGTG
read_11,unmodified,1.0,global,0,0,0,
read_12,NHEJ,1.0,global,0,3,0,deletion@117:GGC>
read_13,NHEJ,1.0,global,0,3,0,deletion@117:GGC>
read_14,NHEJ,1.0,global,0,3,0,deletion@117:GGC>
read_15,NHEJ,0.9847,global,4,0,0,insertion@117:>CCAC
read_16,unmodified,1.0,global,0,0,0,
read_17,unmodified,1.0,global,0,0,0,
read_18,unmodified,1.0,global,0,0,0,
read_19,NHEJ,0.9847,global,4,0,0,insertion@117:>ACTG
read_20,NHEJ,0.9847,global,4,0,0,insertion@113:>TTAA
read_21,NHEJ,1.0,global,0,3,0,deletion@117:GGC>
read_22,NHEJ,0.9847,global,4,0,0,insertion@117:>TCGC
read_23,unmodified,1.0,global,0,0,0,
read_24,NHEJ,1.0,global,0,3,0,deletion@117:GGC>
read_25,NHEJ,0.9847,global,4,0,0,insertion@117:>CGTC
read_26,NHEJ,0.9847,global,4,0,0,insertion@115:>AAGA
read_27,unmodified,1.0,global,0,0,0,
read_28,unmodified,1.0,global,0,0,0,
read_29,NHEJ,1.0,global,0,3,0,deletion@117:GGC>
read_30,NHEJ,0.9847,global,4,0,0,insertion@116:>AGTT
read_31,unmodified,1.0,global,0,0,0,
read_32,unmodified,1.0,global,0,0,0,
read_33,NHEJ,1.0,global,0,3,0,deletion@117:GGC>
read_34,unmodified,1.0,global,0,0,0,
read_35,NHEJ,1.0,global,0,3,0,deletion@117:GGC>
read_36,NHEJ,0.9847,global,4,0,0,insertion@116:>ATCG
read_37,unmodified,1.0,global,0,0,0,
read_38,unmodified,1.0,global,0,0,0,
read_39,NHEJ,0.9847,global,4,0,0,insertion@117:>GATG
read_40,unmodified,1.0,global,0,0,0,
read_41,NHEJ,1.0,global,0,3,0,deletion@117:GGC>
read_42,NHEJ,1.0,global,0,3,0,deletion@117:GGC>
read_43,unmodified,1.0,global,0,0,0,
read_44,unmodified,1.0,global,0,0,0,
read_45,unmodified,1.0,global,0,0,0,
read_46,NHEJ,1.0,global,0,3,0,deletion@117:GGC>
read_47,unmodified,1.0,global,0,0,0,
read_48,unmodified,1.0,global,0,0,0,
read_49,NHEJ,1.0,global,0,3,0,deletion@117:GGC>
