read_name,edit_type,ref_start,ref_end,ref_bases,alt_bases,size,in_editing_window,distance_from_cut
read_1,deletion,117,120,GGC,,3,True,1
read_2,insertion,117,117,,GTAC,4,True,0
read_3,deletion,117,120,GGC,,3,True,1
read_4,deletion,117,120,GGC,,3,True,1
read_5,insertion,117,117,,GAGT,4,True,0
read_6,insertion,117,117,,GCAT,4,True,0
read_7,deletion,117,120,GGC,,3,True,1
read_8,insertion,117,117,,GTGG,4,True,0
read_10,insertion,117,117,,TGTG,4,True,0
read_12,deletion,117,120,GGC,,3,True,1
read_13,deletion,117,120,GGC,,3,True,1
read_14,deletion,117,120,GGC,,3,True,1
read_15,insertion,117,117,,CCAC,4,True,0
read_19,insertion,117,117,,ACTG,4,True,0
read_20,insertion,113,113,,TTAA,4,True,-4
read_21,deletion,117,120,GGC,,3,True,1
read_22,insertion,117,117,,TCGC,4,True,0
read_24,deletion,117,120,GGC,,3,True,1
read_25,insertion,117,117,,CGTC,4,True,0
read_26,insertion,115,115,,AAGA,4,True,-2
read_29,deletion,117,120,GGC,,3,True,1
read_30,insertion,116,116,,AGTT,4,True,-1
read_33,deletion,117,120,GGC,,3,True,1
read_35,deletion,117,120,GGC,,3,True,1
read_36,insertion,116,116,,ATCG,4,True,-1
read_39,insertion,117,117,,GATG,4,True,0
read_41,deletion,117,120,GGC,,3,True,1
read_42,deletion,117,120,GGC,,3,True,1
read_46,deletion,117,120,GGC,,3,True,1
read_49,deletion,117,120,GGC,,3,True,1
